product_name,price,url
Off-white Embroidered Socia,Rp 359.000,/collections/women/products/off-white-embroidered-socia-1
Navy Embroidered Elusi,Rp 329.000,/collections/women/products/navy-embroidered-elusi-1
Off-white Striped Durov,Rp 279.000,/collections/women/products/off-white-striped-durov
Black Bow Attal,Rp 319.000,/collections/women/products/black-bow-attal
Blue Bow Anja,Rp 409.000,/collections/women/products/blue-bow-anja
Off-white Striped Katter,Rp 429.000,/collections/women/products/off-white-striped-katter
Aditi Krem,Rp 359.000,/collections/women/products/aditi-krem-copy-1
Aditi Merah Jambu,Rp 359.000,/collections/women/products/aditi-krem-pre-order-14-oct-copy
Aditi Biru Laut,Rp 359.000,/collections/women/products/aditi-merah-jambu-pre-order-14-oct-copy
Janitra Biru Laut,Rp 349.000,/collections/women/products/janitra-merah-jambu-copy-1
Sita Merah Jambu,Rp 359.000,/collections/women/products/sita-merah-jambu-copy
Amala Biru Laut,Rp 329.000,/collections/women/products/amala-copy-1
Aruna B,Rp 329.000,/collections/women/products/aruna-copy-1
Betari Merah Jambu,Rp 279.000,/collections/women/products/betari-copy
Betari Sekarlana,Rp 279.000,/collections/women/products/betari-merah-jambu-pre-order-14-oct-copy
Cream Maupin,Rp 379.000,/collections/women/products/cream-maupin-copy
Black Striped Ardor,Rp 499.000,/collections/women/products/black-striped-ardor-pre-order-27-sept-copy
Black Monochrome Gemmell,Rp 399.000,/collections/women/products/black-monochrome-gemmell-pre-order-27-sept-copy
Patchwork Faure,Rp 349.000,/collections/women/products/patchwork-faure
Pixel Devon,Rp 349.000,/collections/women/products/pixel-devon
Patchwork Sherica,Rp 349.000,/collections/women/products/patchwork-sherica
Patchwork Amaury,Rp 349.000,/collections/women/products/patchwork-amaury
Patchwork Arnika,Rp 349.000,/collections/women/products/patchwork-arnika
Pixel Pisano,Rp 349.000,/collections/women/products/pixel-pisano
Pixel Gauri,Rp 359.000,/collections/women/products/pixel-gauri
Light Wash Denim Devon,Rp 399.000,/collections/women/products/light-wash-denim-devon
Patchwork Merdin,Rp 249.000,/collections/women/products/patchwork-merdin
Patchwork Elner,Rp 229.000,/collections/women/products/patchwork-elner
Pixel Baero,Rp 309.000,/collections/women/products/pixel-baero
Light Wash Denim Svita,Rp 369.000,/collections/women/products/light-wash-denim-svita
Navy Embroidered Bahia,Rp 389.000,/collections/women/products/navy-embroidered-bahia
Dark Grey Denim Melitta,Rp 429.000,/collections/women/products/dark-grey-denim-melitta
Dark Grey Denim Chevette,Rp 379.000,/collections/women/products/dark-grey-denim-chevette
Pixel Alessi,Rp 379.000,/collections/women/products/pixel-alessi
Patchwork Ellida,Rp 429.000,/collections/women/products/patchwork-ellida
Denim Magni,Rp 399.000,/collections/women/products/denim-magni
Black Odem,Rp 499.000,/collections/women/products/black-odem
Red Odem,Rp 499.000,/collections/women/products/red-odem
Black Chateau,Rp 369.000,/collections/women/products/black-chateau
Black Birger,Rp 399.000,/collections/women/products/black-birger
Black Bow Rummer,Rp 379.000,/collections/women/products/black-bow-rummer
Black Matin,Rp 379.000,/collections/women/products/black-matin
Cream Matin,Rp 379.000,/collections/women/products/cream-matin
Off-white Saint,Rp 359.000,/collections/women/products/off-white-saint
Navy Saint,Rp 359.000,/collections/women/products/navy-saint
Pink Dahl,Rp 359.000,/collections/women/products/pink-dahl
Light Blue Dahl,Rp 359.000,/collections/women/products/light-blue-dahl
Navy Tove,Rp 349.000,/collections/women/products/navy-tove
Pink Tove,Rp 349.000,/collections/women/products/pink-tove
Flower Ornament Adora,Rp 429.000,/collections/women/products/flower-ornament-adora
Red Avenue,Rp 449.000,/collections/women/products/red-avenue
Navy Avenue,Rp 449.000,/collections/women/products/navy-avenue
Cream Romaine,Rp 379.000,/collections/women/products/cream-romaine
Navy Ilaria,Rp 299.000,/collections/women/products/navy-ilaria-copy
Black Licia,Rp 279.000,/collections/women/products/black-licia
Black Twilla Skort,Rp 299.000,/collections/women/products/black-twilla-skort
Off-white Twilla Skort,Rp 319.000,/collections/women/products/off-white-twilla-skort
Navy Blue Jour,Rp 349.000,/collections/women/products/navy-blue-jour
Red Jour,Rp 349.000,/collections/women/products/red-jour
Black Maude,Rp 329.000,/collections/women/products/black-maude
Off-white Asten,Rp 329.000,/collections/women/products/off-white-asten
Flower Ornament Blanca,Rp 369.000,/collections/women/products/flower-ornament-blanca
Red Avery,Rp 329.000,/collections/women/products/red-avery
Black Avery,Rp 329.000,/collections/women/products/black-avery
Black Adrienna,Rp 399.000,/collections/women/products/black-adrienna
Red Adrienna,Rp 399.000,/collections/women/products/red-adrienna
Beige Luna,Rp 429.000,/collections/women/products/beige-luna
Pink Luna,Rp 429.000,/collections/women/products/pink-luna
Navy Luna,Rp 429.000,/collections/women/products/navy-luna
Off-white Jardin Marian,Rp 369.000,/collections/women/products/off-white-jardin-marian-copy-1
Off-white Loryta,Rp 349.000,/collections/women/products/off-white-loryta
Blue Striped Atalia,Rp 379.000,/collections/women/products/blue-striped-atalia
Navy Samarra,Rp 379.000,/collections/women/products/navy-samarra
Blue Striped Pruna,Rp 349.000,/collections/women/products/blue-striped-pruna
Navy Araceli,Rp 329.000,/collections/women/products/navy-araceli-copy-1
Asmara Biru Laut - Pre Order 7 Dec,Rp 349.000,/collections/women/products/asmara-biru-laut-pre-order-9-des
Gardena Anora,Rp 379.000,/collections/women/products/gardena-anora
Tiles Talina,Rp 349.000,/collections/women/products/tiles-talina
Blue Striped Kalandra,Rp 349.000,/collections/women/products/blue-striped-kalandra
Navy Lace Nerida,Rp 399.000,/collections/women/products/navy-lace-nerida
Pink Lace Nerida,Rp 399.000,/collections/women/products/pink-lace-nerida
Gardena Giardino,Rp 439.000,/collections/women/products/gardena-giardino
Blue Parco,Rp 439.000,/collections/women/products/blue-parco
Grey Divia,Rp 429.000,/collections/women/products/grey-divia
Grey Lace Rowena,Rp 449.000,/collections/women/products/grey-lace-rowena
Navy Lace Rowena,Rp 449.000,/collections/women/products/navy-lace-rowena
Gardena Eres,Rp 429.000,/collections/women/products/gardena-eres
Off-white Azzura,Rp 399.000,/collections/women/products/off-white-azzura
Blue Lace Agora,Rp 379.000,/collections/women/products/blue-lace-agora
Blue Lace Arida A,Rp 429.000,/collections/women/products/blue-lace-arida-a
Navy Noth,Rp 549.000,/collections/women/products/navy-noth
Pink Jossen,Rp 499.000,/collections/women/products/pink-jossen
Beige Lace Kora,Rp 499.000,/collections/women/products/beige-lace-kora
Pink Lace Arida,Rp 429.000,/collections/women/products/pink-lace-arida
Blue Tierra,Rp 379.000,/collections/women/products/blue-tierra
Navy Anvita,Rp 439.000,/collections/women/products/navy-anvita
Beige Lace Selina,Rp 429.000,/collections/women/products/beige-lace-selina
Navy Lace Selina,Rp 429.000,/collections/women/products/navy-lace-selina
Navy Midi Halliday,Rp 429.000,/collections/women/products/navy-midi-halliday
Dark Wash Denim Beata,Rp 299.000,/collections/women/products/dark-wash-denim-beata
Black Waves Perdomo,Rp 329.000,/collections/women/products/black-waves-perdomo
Off-white Striped Torchia,Rp 349.000,/collections/women/products/off-white-torchia
Dark Wash Denim Jagna,Rp 379.000,/collections/women/products/dark-wash-denim-jagna
Beige Dorthe,Rp 499.000,/collections/women/products/beige-dorthe
Black Batya,Rp 399.000,/collections/women/products/black-batya
Dark Wash Denim Aldona,Rp 379.000,/collections/women/products/dark-wash-denim-aldona
Black Waves Tobler,Rp 359.000,/collections/women/products/black-waves-tobler
Black Waves Pohle,Rp 359.000,/collections/women/products/black-waves-pohle
Black Lundby,Rp 359.000,/collections/women/products/black-lundby
Black Monochrome Gemmell,Rp 399.000,/collections/women/products/black-monochrome-gemmell
Blue Striped Verlin,Rp 279.000,/collections/women/products/blue-striped-verlin
Blue Striped Taplin,Rp 259.000,/collections/women/products/blue-striped-taplin
Black Waves Tamina,Rp 329.000,/collections/women/products/black-waves-tamina
Cream Heuvel,Rp 399.000,/collections/women/products/cream-heuvel
Cream Bertram,Rp 349.000,/collections/women/products/cream-bertram
Navy Araceli,Rp 329.000,/collections/women/products/navy-araceli-copy
Navy Jolande,Rp 399.000,/collections/women/products/navy-jolande
Multicolor Blume Ellida,Rp 429.000,/collections/women/products/multicolor-blume-elida
Off-white Gunilla,Rp 369.000,/collections/women/products/off-white-gunilla
Off-white Karila,Rp 349.000,/collections/women/products/off-white-karila
Off-white Ronja,Rp 349.000,/collections/women/products/off-white-ronja
Multicolor Blume Rosel,Rp 349.000,/collections/women/products/multicolor-blume-rosel
Multicolor Blume Devon,Rp 349.000,/collections/women/products/multicolor-blume-devon
Off-white Petrica,Rp 329.000,/collections/women/products/off-white-petrica
Navy Stina,Rp 349.000,/collections/women/products/navy-stina
Multicolor Blume Dagrun,Rp 379.000,/collections/women/products/multicolor-blume-dagrun
Navy Ilaria,Rp 299.000,/collections/women/products/navy-ilaria
Navy Veyl,Rp 349.000,/collections/women/products/navy-veyl
Off-white Byrne,Rp 329.000,/collections/women/products/off-white-byrne
Off-white Kerone,Rp 279.000,/collections/women/products/off-white-kerone
Navy Striped Birna,Rp 279.000,/collections/women/products/navy-striped-birna
Multicolor Blume Birman,Rp 249.000,/collections/women/products/multicolor-blume-birman
Multicolor Blume Gunvor,Rp 219.000,/collections/women/products/multicolor-blume-gunvor
Navy Striped Malea,Rp 299.000,/collections/women/products/navy-striped-malea
Off-white Jorun,Rp 329.000,/collections/women/products/off-white-jorun
Black Brinda,Rp 279.000,/collections/women/products/black-brinda
Navy Embroidered Fonsi,Rp 349.000,/collections/women/products/navy-embroidered-fonsi-copy
Off-white Jardin Marian,Rp 369.000,/collections/women/products/off-white-jardin-marian-copy
Off-white Embroidered Agneta,Rp 279.000,/collections/women/products/off-white-embroidered-agneta-copy
Navy Chison,Rp 399.000,/collections/women/products/navy-chison-copy
Pixel Koshi,Rp 249.000,/collections/women/products/pixel-koshi
Navy Karan,Rp 449.000,/collections/women/products/navy-karan-copy
Janitra Merah Jambu,Rp 349.000,/collections/women/products/janitra-merah-jambu-copy
Aditi Krem,Rp 359.000,/collections/women/products/aditi-krem-copy
Amala,Rp 329.000,/collections/women/products/amala-copy
Aruna,Rp 329.000,/collections/women/products/aruna-copy
Janitra Putih,Rp 369.000,/collections/women/products/janitra-putih-pre-order-14-oct-copy
Navy Embroidered Alize,Rp 429.000,/collections/women/products/navy-embroidered-alize
Light Blue Milstein,Rp 399.000,/collections/women/products/light-blue-milstein
Black Kajsa,Rp 349.000,/collections/women/products/black-kajsa
Black Tweed Novello,Rp 329.000,/collections/women/products/black-tweed-novello
Grey Tweed Morela,Rp 299.000,/collections/women/products/grey-tweed-morela
Off-white Embroidered Petras,Rp 349.000,/collections/women/products/off-white-embroidered-petras
Navy Embroidered Fonsi,Rp 349.000,/collections/women/products/navy-embroidered-fonsi
Light Blue Gingham Maelys,Rp 349.000,/collections/women/products/light-blue-gingham-maelys
Navy Embroidered Gusta,Rp 359.000,/collections/women/products/navy-embroidered-gusta
Cream Tencel Adora,Rp 379.000,/collections/women/products/cream-tencel-adora
Off-white Embroidered Jensa,Rp 299.000,/collections/women/products/off-white-embroidered-jensa
Off-white Embroidered Faya,Rp 279.000,/collections/women/products/off-white-embroidered-faya
Off-white Embroidered Galia,Rp 299.000,/collections/women/products/off-white-embroidered-galia
Navy Embroidered Arona,Rp 329.000,/collections/women/products/navy-embroidered-arona
Off-white Embroidered Agneta,Rp 279.000,/collections/women/products/off-white-embroidered-agneta
Cream Tencel Blanca,Rp 329.000,/collections/women/products/cream-tencel-blanca
Off-white Embroidered Birman,Rp 299.000,/collections/women/products/off-white-embroidered-birman
Off-white Embroidered Pattia,Rp 349.000,/collections/women/products/off-white-embroidered-pattia
Cream Tencel Abriella,Rp 279.000,/collections/women/products/cream-tencel-abriella
Lalika Biru Laut,Rp 259.000,/collections/women/products/lalika-biru-laut
Black Vargas,Rp 269.000,/collections/women/products/black-vargas
Lukita Krem,Rp 349.000,/collections/women/products/lukita-krem
Janitra Sekarlana,Rp 349.000,/collections/women/products/janitra-merah-jambu
Janitra Krem,Rp 349.000,/collections/women/products/janitra-krem
Lalika Merah Jambu,Rp 259.000,/collections/women/products/lalika-merah-jambu
Nawa,Rp 249.000,/collections/women/products/nawa
Off-white Vargas,Rp 269.000,/collections/women/products/off-white-vargas
Tanaya Putih Tulang,Rp 249.000,/collections/women/products/tanaya-putih-tulang
Betari,Rp 279.000,/collections/women/products/betari
Sarayu,Rp 349.000,/collections/women/products/sarayu
Manika Biru Laut,Rp 379.000,/collections/women/products/manika-biru-laut
Sita Merah Jambu,Rp 359.000,/collections/women/products/sita-merah-jambu
Devon Sekarlana,Rp 349.000,/collections/women/products/devon-sekarlana
Lukita Merah Jambu,Rp 349.000,/collections/women/products/lukita-merah-jambu
Keinan,Rp 349.000,/collections/women/products/keinan
Sekar Merah Jambu,Rp 349.000,/collections/women/products/sekar-merah-jambu
Jenar Biru Laut,Rp 329.000,/collections/women/products/jenar-biru-laut
Off-white Striped Babette,Rp 379.000,/collections/women/products/off-white-striped-babette
Navy Blue Striped Babette,Rp 379.000,/collections/women/products/navy-blue-striped-babette
Off-white Monday Shirt,Rp 349.000,/collections/women/products/off-white-monday-shirt
Navy Monday Shirt,Rp 349.000,/collections/women/products/navy-monday-shirt
Navy Gemmell D,Rp 369.000,/collections/women/products/navy-gemmell-d
Navy Gemmell C,Rp 369.000,/collections/women/products/navy-gemmell-c
Light Blue Monday Shirt,Rp 349.000,/collections/women/products/light-blue-monday-shirt
Navy Major,Rp 349.000,/collections/women/products/navy-major
Off-white Major,Rp 349.000,/collections/women/products/off-white-major
Pink Major,Rp 349.000,/collections/women/products/pink-major
Black Fawnia,Rp 329.000,/collections/women/products/black-fawnia
Black Slim Fit Tee,Rp 199.000,/collections/women/products/black-slim-fit-tee
Off-white Slim Fit Tee,Rp 199.000,/collections/women/products/off-white-slim-fit-tee
Light Blue Utility Shirt,Rp 279.000,/collections/women/products/light-blue-utility-shirt
Pink Utility Shirt,Rp 279.000,/collections/women/products/pink-utility-shirt
Off-white Fawnia,Rp 329.000,/collections/women/products/off-white-fawnia
Off-white Everyday Shirt,Rp 259.000,/collections/women/products/off-white-everyday-shirt
Navy Everyday Shirt,Rp 259.000,/collections/women/products/navy-everyday-shirt
Sunday Shirt,Rp 259.000,/collections/women/products/sunday-shirt
Black Relax Shirt,Rp 259.000,/collections/women/products/black-relax-shirt
Off-white Relax Shirt,Rp 259.000,/collections/women/products/off-white-relax-shirt
Black Weekend Blouse,Rp 229.000,/collections/women/products/black-weekend-blouse
Off-white Weekend Blouse,Rp 229.000,/collections/women/products/off-white-weekend-blouse
Black Regular Fit,Rp 199.000,/collections/women/products/black-regular-fit
Off-white Regular Fit,Rp 199.000,/collections/women/products/off-white-regular-fit
Pink Regular Fit Tee,Rp 199.000,/collections/women/products/pink-regular-fit-tee
Black Oversized Tee,Rp 199.000,/collections/women/products/black-oversized-tee
Off-white Oversized Tee,Rp 199.000,/collections/women/products/off-white-oversized-tee
Pink Oversized Tee,Rp 199.000,/collections/women/products/pink-oversized-tee
Black Baby Tee,Rp 169.000,/collections/women/products/black-baby-tee
Off-white Baby Tee,Rp 169.000,/collections/women/products/off-white-baby-tee
Pink Baby Tee,Rp 169.000,/collections/women/products/pink-baby-tee
Off-white Office Shirt,Rp 249.000,/collections/women/products/off-white-office-shirt
Navy Gemmell B,Rp 369.000,/collections/women/products/navy-gemmell-b
Light Denim Chevette,Rp 369.000,/collections/women/products/light-denim-chevette-9
Off-white Jardin Wolmar,Rp 349.000,/collections/women/products/off-white-jardin-wolmar-1
Pink Embroidery Omer,Rp 349.000,/collections/women/products/pink-embroidery-omer
LIght Pink Embroidery Delpozo,Rp 349.000,/collections/women/products/light-pink-embroidery-delpozo
Blue Striped Maelys,Rp 349.000,/collections/women/products/blue-striped-maelys
Maroon Rose Drury,Rp 279.000,/collections/women/products/maroon-rose-drury
Navy Nania,Rp 269.000,/collections/women/products/navy-nania
Light Blue Nania,Rp 269.000,/collections/women/products/light-blue-nania
Pink Epifano,Rp 299.000,/collections/women/products/pink-epifano
Off-white Epifano,Rp 299.000,/collections/women/products/off-white-epifano
Off-white Kelham,Rp 349.000,/collections/women/products/off-white-kelham
Light Blue Kelham,Rp 349.000,/collections/women/products/light-blue-kelham
Light Blue Chassol,Rp 349.000,/collections/women/products/light-blue-chassol
Cream Chassol,Rp 349.000,/collections/women/products/cream-chassol
Pink Wunder,Rp 309.000,/collections/women/products/pink-wunder
Cream Wunder,Rp 309.000,/collections/women/products/cream-wunder
Navy Josiah,Rp 399.000,/collections/women/products/navy-josiah
Cream Bramsen,Rp 299.000,/collections/women/products/cream-bramsen
Light Blue Bramsen,Rp 299.000,/collections/women/products/light-blue-bramsen
Navy Venosta,Rp 369.000,/collections/women/products/navy-venosta
Cream Zummo,Rp 199.000,/collections/women/products/cream-zummo
Off-white Girma,Rp 269.000,/collections/women/products/off-white-girma
Navy Mergia,Rp 349.000,/collections/women/products/navy-mergia
Off-white Tidiane,Rp 279.000,/collections/women/products/off-white-tidiane
Cream Eola,Rp 269.000,/collections/women/products/cream-eola
Pink Naran,Rp 369.000,/collections/women/products/pink-naran
Light Blue Ruscha,Rp 249.000,/collections/women/products/light-blue-ruscha
Off-white Cline,Rp 349.000,/collections/women/products/off-white-cline
Pink Tidiane,Rp 279.000,/collections/women/products/pink-tidiane
Off-white Rocio,Rp 329.000,/collections/women/products/off-white-rocio
Off-white Lace Blanca,Rp 329.000,/collections/women/products/off-white-lace-blanca
Off-white Adora,Rp 349.000,/collections/women/products/off-white-adora
Striped Adora,Rp 349.000,/collections/women/products/striped-adora
Off-white Embroidery Darnell,Rp 349.000,/collections/women/products/off-white-embroidery-darnell
Off-white Embroidery Mosla,Rp 379.000,/collections/women/products/off-white-embroidery-mosla
Striped Blanca,Rp 249.000,/collections/women/products/striped-blanca
Off-white Araceli,Rp 329.000,/collections/women/products/off-white-araceli
Striped Naran,Rp 369.000,/collections/women/products/striped-naran
Off-white Tamina,Rp 329.000,/collections/women/products/off-white-tamina
Cream Mergia,Rp 349.000,/collections/women/products/cream-mergia
Off-white Embroidery Cardin,Rp 329.000,/collections/women/products/off-white-embroidery-cardin
Black Stripe Aether,Rp 269.000,/collections/women/products/black-stripe-aether
Blue Striped Lombardi,Rp 349.000,/collections/women/products/blue-striped-lombardi
Pink Embroidery Feigen,Rp 349.000,/collections/women/products/pink-embroidery-feigen
Navy Striped Viviani,Rp 349.000,/collections/women/products/navy-striped-viviani
Navy Striped Ruairi,Rp 349.000,/collections/women/products/navy-striped-ruairi
Light Blue Tweed Aether,Rp 269.000,/collections/women/products/light-blue-tweed-aether
Flower Embroidery Faure,Rp 369.000,/collections/women/products/flower-embroidery-faure
Off-white Elpidia,Rp 279.000,/collections/women/products/off-white-elpidia
Nautical Elpidia,Rp 279.000,/collections/women/products/nautical-elpidia
Off-white Striped Lombardi,Rp 349.000,/collections/women/products/off-white-striped-lombardi
Multicolor Striped Coulter,Rp 369.000,/collections/women/products/multicolor-striped-coulter
Pink Tencel Arsema,Rp 249.000,/collections/women/products/pink-tencel-arsema
Navy Fortela,Rp 399.000,/collections/women/products/navy-fortela-1
Navy Adjoa,Rp 269.000,/collections/women/products/navy-adjoa
Cream Arsema,Rp 199.000,/collections/women/products/cream-arsema
Off-white Debicki,Rp 269.000,/collections/women/products/off-white-debicki
Navy Blue Mayza,Rp 329.000,/collections/women/products/navy-blue-mayza
Black Berlant,Rp 349.000,/collections/women/products/black-berlant
Off-white Berlant,Rp 349.000,/collections/women/products/off-white-berlant
2014 Tie Shirt,Rp 249.000,/collections/women/products/2014-tie-shirt
Dark Wash Denim Ingram (restock),Rp 399.000,/collections/women/products/dark-wash-denim-ingram-restock
Dark Denim Saldana (restock),Rp 199.000,/collections/women/products/dark-denim-saldana-restock
Off-white Striped Debicki,Rp 269.000,/collections/women/products/off-white-striped-debicki
Off-white Striped Tucci,Rp 299.000,/collections/women/products/off-white-striped-tucci
Off-white Estimond,Rp 279.000,/collections/women/products/off-white-estimond
Black Striped Myrin,Rp 229.000,/collections/women/products/black-striped-myrin
2010 Miniboxy Top,Rp 229.000,/collections/women/products/2010-miniboxy-top
Black Striped Jordis,Rp 269.000,/collections/women/products/black-striped-jordis
Blue Striped Winkler,Rp 269.000,/collections/women/products/blue-striped-winkler
Black Striped Milena,Rp 249.000,/collections/women/products/black-striped-milena
Multicolor Striped Stamos,Rp 279.000,/collections/women/products/multicolor-striped-stamos
2015 Preppy Shirt,Rp 309.000,/collections/women/products/2015-preppy-shirt
2013 Navy Draped Tee,Rp 239.000,/collections/women/products/2013-navy-draped-tee
2013 Offwhite Draped Tee,Rp 239.000,/collections/women/products/2013-offwhite-draped-tee
2010 Boxy Tee,Rp 199.000,/collections/women/products/2010-boxy-tee
Flower Embroidery Birman,Rp 329.000,/collections/women/products/flower-embroidery-birman
2016 Need Coffee Devon,Rp 349.000,/collections/women/products/2016-need-coffee-devon
Off-white Striped Trucco,Rp 349.000,/collections/women/products/off-white-striped-trucco
Blue Bayda,Rp 409.000,/collections/women/products/blue-bayda
Navy Trevino,Rp 429.000,/collections/women/products/navy-trevino
Black Girone,Rp 309.000,/collections/women/products/black-girone
Multicolor Striped Seidel,Rp 279.000,/collections/women/products/multicolor-striped-seidel
Blue Striped Joh,Rp 249.000,/collections/women/products/blue-striped-joh
Butter Striped Effie,Rp 199.000,/collections/women/products/butter-striped-effie
Off-white Striped Effie,Rp 199.000,/collections/women/products/off-white-striped-effie-1
Pink Striped Effie,Rp 199.000,/collections/women/products/pink-striped-effie
Peach Striped Effie,Rp 199.000,/collections/women/products/peach-striped-effie
Dark Blue Striped Effie,Rp 199.000,/collections/women/products/dark-blue-striped-effie
Black Polka Effie,Rp 199.000,/collections/women/products/black-polka-effie
Pink Jossan,Rp 279.000,/collections/women/products/pink-jossan
Light Blue Jossan,Rp 279.000,/collections/women/products/light-blue-jossan
Off-white Striped Bineta,Rp 269.000,/collections/women/products/off-white-striped-bineta
Blue Striped Elpidia,Rp 269.000,/collections/women/products/blue-striped-elpidia
Blue Candy Clouds Nimri,Rp 399.000,/collections/women/products/blue-candy-clouds-nimri
Green Summer Breeze Kieran,Rp 299.000,/collections/women/products/green-summer-breeze-kieran
Off-white Dandelion Myriam,Rp 299.000,/collections/women/products/off-white-dandelion-myriam
Blue Candy Clouds Braun,Rp 279.000,/collections/women/products/blue-candy-clouds-braun
Blue Candy Clouds Morven,Rp 249.000,/collections/women/products/blue-candy-clouds-morven
Off-white Summer Breeze Klein,Rp 279.000,/collections/women/products/off-white-summer-breeze-klein
Blue Lily Romare,Rp 299.000,/collections/women/products/blue-lily-romare
Off-white Albioni,Rp 229.000,/collections/women/products/off-white-albioni
Navy Wish Baiba,Rp 229.000,/collections/women/products/navy-wish-baiba
Peach Clouds Leiva,Rp 299.000,/collections/women/products/peach-clouds-leiva
Navy Lily Devon,Rp 369.000,/collections/women/products/navy-lily-devon
Off-white Lily Devon,Rp 369.000,/collections/women/products/off-white-lily-devon
Green Summer Breeze Landry,Rp 369.000,/collections/women/products/green-summer-breeze-landry
Peach Home Belzer,Rp 369.000,/collections/women/products/peach-home-belzer
Navy Wish Sosanya,Rp 279.000,/collections/women/products/navy-wish-sosanya
Off-white Kauppi,Rp 379.000,/collections/women/products/off-white-kauppi
Navy Wish Atkins,Rp 499.000,/collections/women/products/navy-wish-atkins
Navy Wish Ferlito,Rp 329.000,/collections/women/products/navy-wish-ferlito
Blue Candy Clouds Shimara,Rp 349.000,/collections/women/products/blue-candy-clouds-shimara
Blue Striped Tanesa,Rp 349.000,/collections/women/products/blue-striped-tanesa
Off-white Elmara,Rp 349.000,/collections/women/products/off-white-elmara
Ecru Bedisa,Rp 349.000,/collections/women/products/ecru-bedisa
Off-white Mayza,Rp 329.000,/collections/women/products/off-white-mayza-2
Medium Wash Anguine,Rp 459.000,/collections/women/products/medium-wash-anguine
Medium Denim Ariada,Rp 449.000,/collections/women/products/medium-denim-ariada
Light Denim Suran,Rp 429.000,/collections/women/products/light-denim-suran-4
Medium Denim Lavinia,Rp 299.000,/collections/women/products/medium-denim-lavinia
Off-white Jardin Baero,Rp 329.000,/collections/women/products/off-white-jardin-baero-1
Pink Rose Drury,Rp 279.000,/collections/women/products/pink-rose-drury-2
Off-white Sloyan,Rp 199.000,/collections/women/products/off-white-sloyan
Dark Denim Saldana,Rp 199.000,/collections/women/products/dark-denim-saldana
Black Nikos,Rp 429.000,/collections/women/products/black-nikos
Dark Denim Garson,Rp 379.000,/collections/women/products/dark-denim-garson
Dark Wash Denim Riven,Rp 449.000,/collections/women/products/dark-wash-denim-riven
Black Torv,Rp 399.000,/collections/women/products/black-torv
Off-white Turpin,Rp 399.000,/collections/women/products/off-white-turpin
Dark Denim Turpin,Rp 399.000,/collections/women/products/dark-denim-turpin
Brown Amoros,Rp 499.000,/collections/women/products/brown-amoros
Black Friel,Rp 449.000,/collections/women/products/black-friel
Blue Friel,Rp 449.000,/collections/women/products/blue-friel
Blue Striped Plemons,Rp 429.000,/collections/women/products/blue-striped-plemons
Coral Ineson,Rp 399.000,/collections/women/products/coral-ineson
Dark Wash Denim Ingram,Rp 399.000,/collections/women/products/dark-wash-denim-ingram
Military Ingram,Rp 369.000,/collections/women/products/military-ingram
Light Blue Dynevor,Rp 349.000,/collections/women/products/light-blue-dynevor
Blue Striped Pippy,Rp 349.000,/collections/women/products/blue-striped-pippy
Off-white Gemmell,Rp 369.000,/collections/women/products/off-white-gemmell
Off-white Dusen,Rp 349.000,/collections/women/products/off-white-dusen
Blue Striped Dusen,Rp 349.000,/collections/women/products/blue-striped-dusen
Navy Gemmell,Rp 369.000,/collections/women/products/navy-gemmell
Off-white Tanesa,Rp 349.000,/collections/women/products/off-white-tanesa-4
Black Spinelli,Rp 399.000,/collections/women/products/black-spinelli
Off-white Spinelli,Rp 399.000,/collections/women/products/off-white-spinelli
Off-white Biedel,Rp 249.000,/collections/women/products/off-white-biedel
Off-white Chatwin,Rp 269.000,/collections/women/products/off-white-chatwin
Black Dirado,Rp 399.000,/collections/women/products/black-dirado
Dark Wash Denim Rulfo,Rp 279.000,/collections/women/products/dark-wash-denim-rulfo
Off-white Ianina,Rp 249.000,/collections/women/products/off-white-ianina
Navy Blue Striped Trucco,Rp 349.000,/collections/women/products/navy-blue-striped-trucco
Navy Blue Striped Balint,Rp 269.000,/collections/women/products/navy-blue-striped-balint
Blue Striped Balint,Rp 269.000,/collections/women/products/blue-striped-balint
Navy Blue Striped Gugino,Rp 349.000,/collections/women/products/navy-blue-striped-gugino
Off-white Striped Gugino,Rp 349.000,/collections/women/products/off-white-striped-gugino
Off-white Striped Girotti,Rp 429.000,/collections/women/products/off-white-striped-girotti
Off-white Striped Caponi,Rp 349.000,/collections/women/products/off-white-striped-caponi
Off-white Jardin Devon,Rp 349.000,/collections/women/products/off-white-jardin-devon
Off-white Jardin Fehren,Rp 279.000,/collections/women/products/off-white-jardin-fehren
Off-white Jardin Kapov,Rp 429.000,/collections/women/products/off-white-jardin-kapov
Off-white Jardin Tengo,Rp 369.000,/collections/women/products/off-white-jardin-tengo
Dark Denim Woodall,Rp 369.000,/collections/women/products/dark-denim-woodall
Pink Ortiz,Rp 379.000,/collections/women/products/pink-ortiz
Navy Striped Nadege,Rp 349.000,/collections/women/products/navy-striped-nadege
Pink Ambika,Rp 299.000,/collections/women/products/pink-ambika
Off-white Krolla,Rp 249.000,/collections/women/products/off-white-krolla
Off-white Jardin Faure,Rp 349.000,/collections/women/products/off-white-jardin-faure
Off-white Jardin Oriane,Rp 259.000,/collections/women/products/off-white-jardin-oriane
Off-white Rubinski,Rp 279.000,/collections/women/products/off-white-rubinski
Off-white Delius,Rp 299.000,/collections/women/products/off-white-delius
Navy Blue Striped Bineta,Rp 269.000,/collections/women/products/navy-blue-striped-bineta
Off-white Dumal,Rp 279.000,/collections/women/products/off-white-dumal
Pink Elgin,Rp 279.000,/collections/women/products/pink-elgin
Off-white Birman,Rp 269.000,/collections/women/products/off-white-birman
Navy Striped Rema,Rp 349.000,/collections/women/products/navy-striped-rema
Blue Striped Norbu,Rp 249.000,/collections/women/products/blue-striped-norbu
Off-white Elpidia,Rp 269.000,/collections/women/products/off-white-elpidia-4
Off-white Striped Heysom,Rp 349.000,/collections/women/products/off-white-striped-heysom-1
Off-white Striped Moyra,Rp 279.000,/collections/women/products/off-white-striped-moyra
Navy Striped Journee,Rp 279.000,/collections/women/products/navy-striped-journee
Off-white Kondi,Rp 229.000,/collections/women/products/off-white-kondi-1
Dark Blue Striped Verocai,Rp 399.000,/collections/women/products/dark-blue-striped-verocai
Lilac Checkered Plantier,Rp 249.000,/collections/women/products/lilac-checkered-plantier-2
Blue Checkered Plantier,Rp 249.000,/collections/women/products/blue-checkered-plantier-1
Navy Rayon Kondi,Rp 229.000,/collections/women/products/navy-rayon-kondi
Off-white Striped Effie,Rp 199.000,/collections/women/products/off-white-striped-effie
Green Striped Feigen,Rp 349.000,/collections/women/products/green-striped-feigen
Blue Striped Bineta,Rp 269.000,/collections/women/products/blue-striped-bineta
Green Striped Wehner,Rp 279.000,/collections/women/products/green-striped-wehner
Pink Wehner,Rp 279.000,/collections/women/products/pink-wehner
Navy Colorblock Lotan,Rp 369.000,/collections/women/products/navy-colorblock-lotan
Light Blue Striped Alpine,Rp 449.000,/collections/women/products/light-blue-striped-alpine
Multicolor Panorama Javelina,Rp 379.000,/collections/women/products/multicolor-panorama-javelina
Multicolor Fiore Pandolfi,Rp 399.000,/collections/women/products/multicolor-fiore-pandolfi
Multicolor Panorama Phair,Rp 399.000,/collections/women/products/multicolor-panorama-phair
Multicolor Fiore Lastica,Rp 399.000,/collections/women/products/multicolor-fiore-lastica
Off-white Benoit,Rp 369.000,/collections/women/products/off-white-benoit
Multicolor Panorama Shimara,Rp 399.000,/collections/women/products/multicolor-panorama-shimara
Multicolor Panorama Nuki,Rp 399.000,/collections/women/products/multicolor-panorama-nuki
Multicolor Fiore Rinji,Rp 399.000,/collections/women/products/multicolor-fiore-rinji
Blue Striped Poulen,Rp 369.000,/collections/women/products/blue-striped-poulen
Off-white Striped Oceane,Rp 349.000,/collections/women/products/off-white-striped-oceane
Maroon Rose Babette,Rp 379.000,/collections/women/products/maroon-rose-babette
Off-white Bow Devon,Rp 349.000,/collections/women/products/off-white-bow-devon
Multicolor Panorama Zalina,Rp 449.000,/collections/women/products/multicolor-panorama-zalina
Multicolor Fiore Zalina,Rp 499.000,/collections/women/products/multicolor-fiore-zalina
Multicolor Panorama Pucine,Rp 449.000,/collections/women/products/multicolor-panorama-pucine
Multicolor Fiore Pucine,Rp 449.000,/collections/women/products/multicolor-fiore-pucine
Blue Striped Barilla,Rp 349.000,/collections/women/products/blue-striped-barilla
Multicolor Panorama Fumi,Rp 349.000,/collections/women/products/multicolor-panorama-fumi
Multicolor Fiore Fumi,Rp 349.000,/collections/women/products/multicolor-fiore-fumi
Off-white Gaella,Rp 279.000,/collections/women/products/off-white-gaella
Lilac Rose Berlioz,Rp 299.000,/collections/women/products/lilac-rose-berlioz
Off-white Minou,Rp 269.000,/collections/women/products/off-white-minou
Blue Striped Anaelle,Rp 449.000,/collections/women/products/blue-striped-anaelle
Beige Asakusa,Rp 429.000,/collections/women/products/beige-asakusa
Black Nogizaka - Restock,Rp 429.000,/collections/women/products/black-nogizaka-1
Off White Sakuragicho - Restock,Rp 399.000,/collections/women/products/off-white-sakuragicho-1
Cream Ginza,Rp 499.000,/collections/women/products/cream-ginza
Beige Ueno,Rp 499.000,/collections/women/products/beige-ueno
Beige Harajuku,Rp 499.000,/collections/women/products/beige-harajuku
Pink Osaki,Rp 429.000,/collections/women/products/pink-osaki
Beige Ebisu,Rp 429.000,/collections/women/products/beige-ebisu
Navy Ebisu,Rp 429.000,/collections/women/products/navy-ebisu
Pink Shibuya,Rp 429.000,/collections/women/products/pink-shibuya
Black Nogizaka,Rp 429.000,/collections/women/products/black-nogizaka
Pink Funabori,Rp 429.000,/collections/women/products/pink-funabori
Pink Shinozaki,Rp 439.000,/collections/women/products/pink-shinozaki
Beige Morishita,Rp 439.000,/collections/women/products/beige-morishita
Beige Mizue,Rp 439.000,/collections/women/products/beige-mizue
Off-white Nakano,Rp 399.000,/collections/women/products/off-white-nakano
Beige Nippori,Rp 399.000,/collections/women/products/beige-nippori
Beige Otsuki Devon,Rp 399.000,/collections/women/products/beige-otsuki-devon
Pink Attoko Devon,Rp 399.000,/collections/women/products/pink-attoko-devon
Black Omotesando,Rp 319.000,/collections/women/products/black-omotesando
Grey Omotesando,Rp 319.000,/collections/women/products/grey-omotesando
Pink Petals Alize,Rp 399.000,/collections/women/products/pink-petals-alize
Pink Petals Gauze,Rp 349.000,/collections/women/products/pink-petals-gauze
Pink Petals Devon,Rp 349.000,/collections/women/products/pink-petals-devon
Off-white Thara,Rp 259.000,/collections/women/products/off-white-thara
Pink Petals Thara,Rp 259.000,/collections/women/products/pink-petals-thara
Pink Armeline,Rp 249.000,/collections/women/products/pink-armeline
Light Blue Armeline,Rp 249.000,/collections/women/products/light-blue-armeline
Pink Armel,Rp 369.000,/collections/women/products/pink-armel
Black Armel,Rp 369.000,/collections/women/products/black-armel
Off-white Oriane,Rp 229.000,/collections/women/products/off-white-oriane
Multicolor Alora,Rp 349.000,/collections/women/products/multicolor-alora
Multicolor Toteme,Rp 399.000,/collections/women/products/multicolor-toteme
Navy Striped Edwige,Rp 379.000,/collections/women/products/navy-striped-edwige
Navy Striped Aelis,Rp 329.000,/collections/women/products/navy-striped-aelis
Navy Striped Nausica,Rp 249.000,/collections/women/products/navy-striped-nausica
Off-white Striped Laure,Rp 429.000,/collections/women/products/off-white-striped-laure
Off-white Striped Maelys,Rp 349.000,/collections/women/products/off-white-striped-maelys
Off-whire Striped Eolia,Rp 299.000,/collections/women/products/off-whire-striped-eolia
Beige Solla,Rp 269.000,/collections/women/products/beige-solla
Beige Fleur Zalina,Rp 449.000,/collections/women/products/beige-fleur-zalina
Navy Giancola,Rp 399.000,/collections/women/products/navy-giancola
Off-white Striped Arnauba,Rp 249.000,/collections/women/products/off-white-striped-amauba
Black Striped Arnauba,Rp 249.000,/collections/women/products/black-striped-amauba
Off-white Denim Zappa,Rp 429.000,/collections/women/products/off-white-denim-zappa
Dark Wash Denim Zappa,Rp 429.000,/collections/women/products/dark-wash-denim-zappa
Cream Striped Pippy,Rp 329.000,/collections/women/products/cream-striped-pippy
Blue Striped Boan,Rp 379.000,/collections/women/products/blue-striped-boan
Black Maurine,Rp 369.000,/collections/women/products/black-maurine-1
Navy Andrina,Rp 379.000,/collections/women/products/navy-andrina
Military Green Okello,Rp 349.000,/collections/women/products/military-green-okello
Dark Denim Baylor,Rp 449.000,/collections/women/products/dark-denim-baylor
Off-white Meriol,Rp 369.000,/collections/women/products/off-white-meriol
Navy Tanesa,Rp 329.000,/collections/women/products/navy-tanesa
Black Pinstriped Reina,Rp 269.000,/collections/women/products/black-pinstriped-reina
Pink Bedisa,Rp 349.000,/collections/women/products/pink-bedisa
Off-white Floral Heize,Rp 349.000,/collections/women/products/off-white-floral-heize
Medium Wash Denim Bramsen,Rp 299.000,/collections/women/products/medium-wash-denim-bramsen
Off-white Mayza,Rp 329.000,/collections/women/products/off-white-mayza
Medium Denim Ryker,Rp 299.000,/collections/women/products/medium-denim-ryker
Off-white Striped Alizi,Rp 249.000,/collections/women/products/off-white-striped-alizi
Beige Elite,Rp 279.000,/collections/women/products/beige-elite
Brown Lotan,Rp 369.000,/collections/women/products/brown-lotan
Navy Sevyn,Rp 369.000,/collections/women/products/navy-sevyn
Military Sevyn,Rp 369.000,/collections/women/products/military-sevyn
